Shipment_Type,Total_Shipments,On_Time_Rate,Delayed_Shipments
Air,308,0.8246753246753247,54
Road,607,0.8467874794069192,93
Sea,85,0.8470588235294118,13
