Shipment_Type,Total_Shipments,On_Time_Rate
Deniz,85,0.8470588235294118
Hava,308,0.8246753246753247
Kara,607,0.8467874794069192
